Title,Media URL,Pinterest board,Thumbnail,Description,Link,Publish date,Keywords
Emma in Chinese Brush Calligraphy,https://mymoying.com/pins/emma.jpg,English Names in Chinese Calligraphy,,"The name Emma, drawn in Chinese brush-calligraphy style on rice paper. A quiet reference for an Emma name tattoo, a small print, or a gift with that name on it. Moying previews English names in this brush style for free.",https://mymoying.com/?utm_source=pinterest&utm_medium=pin&utm_campaign=batch1&name=Emma,2026-09-27T13:00:00,"Emma name art, Chinese calligraphy, name tattoo idea, brush lettering, personalized gift"
Liam Name in Chinese Calligraphy,https://mymoying.com/pins/liam.jpg,English Names in Chinese Calligraphy,,Liam rendered as Chinese brush lettering on warm rice paper. People keep this kind of piece as tattoo inspiration or as a simple personalized gift. Type a short English name on Moying to see it in the same ink.,https://mymoying.com/?utm_source=pinterest&utm_medium=pin&utm_campaign=batch1&name=Liam,2026-09-28T00:00:00,"Liam name art, Chinese calligraphy, name tattoo idea, brush lettering, wall art"
Olivia in Chinese Brush Lettering,https://mymoying.com/pins/olivia.jpg,English Names in Chinese Calligraphy,,"Olivia in Chinese brush-calligraphy style, centered on rice paper with a small red seal. It reads as a name-tattoo sketch or as quiet wall art. Preview a name free on Moying before you take a clean download.",https://mymoying.com/?utm_source=pinterest&utm_medium=pin&utm_campaign=batch1&name=Olivia,2026-09-28T13:00:00,"Olivia name art, Chinese calligraphy, name tattoo idea, personalized gift, brush lettering"
Noah Written in Chinese Calligraphy,https://mymoying.com/pins/noah.jpg,English Names in Chinese Calligraphy,,"Noah, lettered with a Chinese brush on rice paper. A plain name-art idea for a tattoo, a card, or a gift. Moying turns short English names and words into this ink-on-paper look.",https://mymoying.com/?utm_source=pinterest&utm_medium=pin&utm_campaign=batch1&name=Noah,2026-09-29T00:00:00,"Noah name art, Chinese calligraphy, name tattoo idea, brush lettering, personalized gift"
Ava in Chinese Calligraphy Ink,https://mymoying.com/pins/ava.jpg,English Names in Chinese Calligraphy,,"A short name leaves room on the page. Ava is drawn in Chinese brush calligraphy on plain rice paper, the sort of mark people look up for a name tattoo or a small printed gift.",https://mymoying.com/?utm_source=pinterest&utm_medium=pin&utm_campaign=batch1&name=Ava,2026-09-29T13:00:00,"Ava name art, Chinese calligraphy, name tattoo idea, brush lettering, wall art"
Oliver in Chinese Brush Calligraphy,https://mymoying.com/pins/oliver.jpg,English Names in Chinese Calligraphy,,"Oliver in black ink, Chinese brush style, on rice paper. Use it as a reference for a name tattoo or as a personalized gift. Your own word can be previewed the same way at Moying.",https://mymoying.com/?utm_source=pinterest&utm_medium=pin&utm_campaign=batch1&name=Oliver,2026-09-30T00:00:00,"Oliver name art, Chinese calligraphy, name tattoo idea, personalized gift, brush lettering"
Sophia Chinese Calligraphy Name Art,https://mymoying.com/pins/sophia.jpg,English Names in Chinese Calligraphy,,Sophia written in Chinese brush calligraphy on rice paper. An uncluttered pin for anyone collecting Sophia tattoo ideas or looking for a personalized name print.,https://mymoying.com/?utm_source=pinterest&utm_medium=pin&utm_campaign=batch1&name=Sophia,2026-09-30T13:00:00,"Sophia name art, Chinese calligraphy, name tattoo idea, brush lettering, personalized gift"
James in Chinese Brush Calligraphy,https://mymoying.com/pins/james.jpg,English Names in Chinese Calligraphy,,"James, set in Chinese brush calligraphy on rice paper with a red seal. A simple name-tattoo idea and an easy personalized gift. The free Moying preview is watermarked; a clean high-resolution file is a separate one-time purchase.",https://mymoying.com/?utm_source=pinterest&utm_medium=pin&utm_campaign=batch1&name=James,2026-10-01T00:00:00,"James name art, Chinese calligraphy, name tattoo idea, brush lettering, wall art"
Mia Name Art in Chinese Calligraphy,https://mymoying.com/pins/mia.jpg,English Names in Chinese Calligraphy,,"Mia is only three letters, so the brush marks stay open on the page. Chinese calligraphy on rice paper, for a name tattoo idea or a small piece of wall art you can preview on Moying.",https://mymoying.com/?utm_source=pinterest&utm_medium=pin&utm_campaign=batch1&name=Mia,2026-10-01T13:00:00,"Mia name art, Chinese calligraphy, name tattoo idea, personalized gift, brush lettering"
Lucas in Chinese Brush Lettering,https://mymoying.com/pins/lucas.jpg,English Names in Chinese Calligraphy,,"Lucas drawn in Chinese brush calligraphy, black ink on rice paper. Save it for tattoo inspiration or for a gift that is just the name, carefully lettered. Try another name at mymoying.com.",https://mymoying.com/?utm_source=pinterest&utm_medium=pin&utm_campaign=batch1&name=Lucas,2026-10-02T00:00:00,"Lucas name art, Chinese calligraphy, name tattoo idea, brush lettering, personalized gift"
Luna in Chinese Calligraphy,https://mymoying.com/pins/luna.jpg,English Names in Chinese Calligraphy,,"Luna on rice paper, written in Chinese brush-calligraphy style. A soft name-tattoo reference and a simple personalized print. Moying is built for short English names and words in this ink look.",https://mymoying.com/?utm_source=pinterest&utm_medium=pin&utm_campaign=batch1&name=Luna,2026-10-02T13:00:00,"Luna name art, Chinese calligraphy, name tattoo idea, brush lettering, wall art"
Ethan in Chinese Brush Calligraphy,https://mymoying.com/pins/ethan.jpg,English Names in Chinese Calligraphy,,Ethan lettered with a Chinese brush and a small red seal on rice paper. Useful as a name-tattoo idea or as understated wall art. Preview the spelling you want on Moying before you buy a clean download.,https://mymoying.com/?utm_source=pinterest&utm_medium=pin&utm_campaign=batch1&name=Ethan,2026-10-03T00:00:00,"Ethan name art, Chinese calligraphy, name tattoo idea, personalized gift, brush lettering"
